timestamp,BTC Value
1/1/2020 13:00,7229.86
1/1/2020 16:15,7231.546667
1/1/2020 19:30,7210.47
1/1/2020 22:45,7193.633333
1/2/2020 2:00,7150.98
1/2/2020 5:15,7129.476667
1/2/2020 8:30,7154.016667
1/2/2020 11:45,7134.846667
1/2/2020 15:00,7015.22
1/2/2020 18:15,6969.14
1/2/2020 21:30,6946.076667
1/3/2020 0:45,6929.463333
1/3/2020 4:00,7132.096667
1/3/2020 7:15,7294.436667
1/3/2020 10:30,7320.47
1/3/2020 13:45,7340.563333
1/3/2020 17:00,7341.843333
1/3/2020 20:15,7316.163333
1/3/2020 23:30,7313.26
1/4/2020 2:45,7340.673333
1/4/2020 6:00,7335.29
1/4/2020 9:15,7332.676667
1/4/2020 12:30,7316.236667
1/4/2020 15:45,7330.296667
1/4/2020 19:00,7331.37
1/4/2020 22:15,7415.653333
1/5/2020 1:30,7456.573333
1/5/2020 4:45,7461.666667
1/5/2020 8:00,7433.803333
1/5/2020 11:15,7438.073333
1/5/2020 14:30,7459.756667
1/5/2020 17:45,7441.003333
1/5/2020 21:00,7372.99
1/6/2020 0:15,7481.726667
1/6/2020 3:30,7523.7
1/6/2020 6:45,7536.75
1/6/2020 10:00,7553.73
1/6/2020 13:15,7539.106667
1/6/2020 16:30,7541.036667
1/6/2020 19:45,7665.22
1/6/2020 23:00,7869.686667
1/7/2020 2:15,7879.7
1/7/2020 5:30,7879.273333
1/7/2020 8:45,7901.67
1/7/2020 12:00,7850.963333
1/7/2020 15:15,7934.59
1/7/2020 18:30,8097.873333
1/7/2020 21:45,8305.58
1/8/2020 1:00,8339.526667
1/8/2020 4:15,8331.86
1/8/2020 7:30,8318.12
1/8/2020 10:45,8338.11
1/8/2020 14:00,8161.38
1/8/2020 17:15,7969.613333
1/8/2020 20:30,8042.03
1/8/2020 23:45,7995.903333
1/9/2020 3:00,7940.933333
1/9/2020 6:15,7911.826667
1/9/2020 9:30,7898.796667
1/9/2020 12:45,7909.263333
1/9/2020 16:00,7839.456667
1/9/2020 19:15,7860.12
1/9/2020 22:30,7820.343333
1/10/2020 1:45,7796.983333
1/10/2020 5:00,7737.82
1/10/2020 8:15,7786.193333
1/10/2020 11:30,7905.396667
1/10/2020 14:45,7996.496667
1/10/2020 18:00,8053.823333
1/10/2020 21:15,8111.12
1/11/2020 0:30,8176.023333
1/11/2020 3:45,8117.133333
1/11/2020 7:00,8094.97
1/11/2020 10:15,8056.2
1/11/2020 13:30,8119.436667
1/11/2020 16:45,8169.216667
1/11/2020 20:00,8123.656667
1/11/2020 23:15,8042.723333
1/12/2020 2:30,8091.77
1/12/2020 5:45,8122.33
1/12/2020 9:00,8131.81
1/12/2020 12:15,8155.05
1/12/2020 15:30,8126.866667
1/12/2020 18:45,8116.05
1/12/2020 22:00,8148.57
1/13/2020 1:15,8120.466667
1/13/2020 4:30,8085.5
1/13/2020 7:45,8107.913333
1/13/2020 11:00,8093.03
1/13/2020 14:15,8105.07
1/13/2020 17:30,8124.37
1/13/2020 20:45,8122.973333
1/14/2020 0:00,8319.483333
1/14/2020 3:15,8479.48
1/14/2020 6:30,8524.666667
1/14/2020 9:45,8529.073333
1/14/2020 13:00,8613.443333
1/14/2020 16:15,8701.156667
1/14/2020 19:30,8740.326667
1/14/2020 22:45,8797.666667
1/15/2020 2:00,8672.776667
1/15/2020 5:15,8656.353333
1/15/2020 8:30,8744.976667
1/15/2020 11:45,8827.053333
1/15/2020 15:00,8766.43
1/15/2020 18:15,8803.956667
1/15/2020 21:30,8775.97
1/16/2020 0:45,8670.426667
1/16/2020 4:00,8680.313333
1/16/2020 7:15,8646.793333
1/16/2020 10:30,8704.43
1/16/2020 13:45,8670.633333
1/16/2020 17:00,8687.486667
1/16/2020 20:15,8717.906667
1/16/2020 23:30,8720.193333
1/17/2020 2:45,8841.44
1/17/2020 6:00,8928.046667
1/17/2020 9:15,8887.493333
1/17/2020 12:30,8825.78
1/17/2020 15:45,8901.46
1/17/2020 19:00,8902.426667
1/17/2020 22:15,8942.523333
1/18/2020 1:30,8878.596667
1/18/2020 4:45,8843.96
1/18/2020 8:00,8865.946667
1/18/2020 11:15,8919.576667
1/18/2020 14:30,8903.506667
1/18/2020 17:45,8900.303333
1/18/2020 21:00,8916.72
1/19/2020 0:15,9095.73
1/19/2020 3:30,9127.573333
1/19/2020 6:45,9076.103333
1/19/2020 10:00,8757.913333
1/19/2020 13:15,8632.316667
1/19/2020 16:30,8643.006667
1/19/2020 19:45,8654.856667
1/19/2020 23:00,8673.316667
1/20/2020 2:15,8666.233333
1/20/2020 5:30,8657.57
1/20/2020 8:45,8625.843333
1/20/2020 12:00,8616.383333
1/20/2020 15:15,8669.52
1/20/2020 18:30,8670.096667
1/20/2020 21:45,8668.606667
1/21/2020 17:15,8647.91
1/21/2020 20:30,8734.38
1/21/2020 23:45,8725.163333
1/22/2020 3:00,8727.81
1/22/2020 6:15,8707.163333
1/22/2020 9:30,8659.123333
1/22/2020 12:45,8656.02
1/22/2020 16:00,8663.83
1/22/2020 19:15,8662.85
1/22/2020 22:30,8634.446667
1/23/2020 1:45,8595.613333
1/23/2020 5:00,8577.303333
1/23/2020 8:15,8488.903333
1/23/2020 11:30,8390.993333
1/23/2020 14:45,8348.3
1/23/2020 18:00,8382.8
1/23/2020 21:15,8404.633333
1/24/2020 0:30,8344.18
1/24/2020 3:45,8331.51
1/24/2020 7:00,8301.93
1/24/2020 10:15,8374.876667
1/24/2020 13:30,8473.87
1/24/2020 16:45,8489.683333
1/24/2020 20:00,8455.29
1/24/2020 23:15,8347.91
1/25/2020 2:30,8317.946667
1/25/2020 5:45,8351.47
1/25/2020 9:00,8332.083333
1/25/2020 12:15,8328
1/25/2020 15:30,8342.04
1/25/2020 18:45,8382.783333
1/25/2020 22:00,8353.82
1/26/2020 1:15,8356.103333
1/26/2020 4:30,8366.576667
1/26/2020 7:45,8426.733333
1/26/2020 11:00,8452.103333
1/26/2020 14:15,8535.683333
1/26/2020 17:30,8583.883333
1/26/2020 20:45,8596.69
1/27/2020 0:00,8658.896667
1/27/2020 3:15,8655.66
1/27/2020 6:30,8631.776667
1/27/2020 9:45,8710.676667
1/27/2020 13:00,8768.38
1/27/2020 16:15,8887.043333
1/27/2020 19:30,8934.093333
1/27/2020 22:45,9061.086667
1/28/2020 2:00,9082.07
1/28/2020 5:15,9003.956667
1/28/2020 8:30,9047.68
1/28/2020 11:45,9076.013333
1/28/2020 15:00,8995.406667
1/28/2020 18:15,9056.153333
1/28/2020 21:30,9262.81
1/29/2020 0:45,9339.13
1/29/2020 4:00,9350.623333
1/29/2020 7:15,9341.783333
1/29/2020 10:30,9335.26
1/29/2020 13:45,9332.93
1/29/2020 17:00,9372.763333
1/29/2020 20:15,9362.436667
1/29/2020 23:30,9271.223333
1/30/2020 2:45,9308.723333
1/30/2020 6:00,9350.953333
1/30/2020 9:15,9358.14
1/30/2020 12:30,9372.98
1/30/2020 15:45,9430.19
1/30/2020 19:00,9528.546667
1/30/2020 22:15,9506.69
1/31/2020 1:30,9431.826667
1/31/2020 4:45,9375.223333
1/31/2020 8:00,9353.913333
1/31/2020 11:15,9270.786667
1/31/2020 14:30,9294.69
1/31/2020 17:45,9312.346667
1/31/2020 21:00,9371.716667
2/1/2020 0:15,9415.666667
2/1/2020 3:30,9410.866667
2/1/2020 6:45,9396.96
2/1/2020 10:00,9348.056667
2/1/2020 13:15,9346.376667
2/1/2020 16:30,9382.386667
2/1/2020 19:45,9377.676667
2/1/2020 23:00,9312.72
2/2/2020 2:15,9278.043333
2/2/2020 5:30,9349.56
2/2/2020 8:45,9411.66
2/2/2020 12:00,9430.183333
2/2/2020 15:15,9434.023333
2/2/2020 18:30,9437.453333
2/2/2020 21:45,9385.323333
2/3/2020 1:00,9422.153333
2/3/2020 4:15,9382.36
2/3/2020 7:30,9350.806667
2/3/2020 10:45,9339.93
2/3/2020 14:00,9295.156667
2/3/2020 17:15,9310.906667
2/3/2020 20:30,9297.673333
2/3/2020 23:45,9309.873333
2/4/2020 3:00,9278.613333
2/4/2020 6:15,9237.19
2/4/2020 9:30,9165.91
2/4/2020 12:45,9181.593333
2/4/2020 16:00,9197.496667
2/4/2020 19:15,9177.873333
2/4/2020 22:30,9212.66
2/5/2020 1:45,9223.18
2/5/2020 5:00,9261.876667
2/5/2020 8:15,9345.006667
2/5/2020 11:30,9428.143333
2/5/2020 14:45,9517.146667
2/5/2020 18:00,9661.646667
2/5/2020 21:15,9607.956667
2/6/2020 0:30,9587.533333
2/6/2020 3:45,9641.903333
2/6/2020 7:00,9656.743333
2/6/2020 10:15,9776.473333
2/6/2020 13:30,9768.24
2/6/2020 16:45,9762.02
2/6/2020 20:00,9737.67
2/6/2020 23:15,9809.546667
2/7/2020 2:30,9791.266667
2/7/2020 5:45,9776.09
2/7/2020 9:00,9800.26
2/7/2020 12:15,9799.82
2/7/2020 15:30,9800.693333
2/7/2020 18:45,9768.126667
2/7/2020 22:00,9789.523333
2/8/2020 1:15,9735.836667
2/8/2020 4:30,9760.41
2/8/2020 7:45,9798.39
2/8/2020 11:00,9809.726667
2/8/2020 14:15,9853.683333
2/8/2020 17:30,9856.483333
2/8/2020 20:45,9896.036667
2/9/2020 0:00,9951.84
2/9/2020 3:15,10067.93667
2/9/2020 6:30,10106.43333
2/9/2020 9:45,10105.24
2/9/2020 13:00,10089.13667
2/9/2020 16:15,10091.09667
2/9/2020 19:30,10098.82
2/9/2020 22:45,10143.33667
2/10/2020 2:00,10081.91333
2/10/2020 5:15,9958.18
2/10/2020 8:30,9833.673333
2/10/2020 11:45,9853.54
2/10/2020 15:00,9866.02
2/10/2020 18:15,9843.953333
2/10/2020 21:30,9826.53
2/11/2020 0:45,9762.18
2/11/2020 4:00,9754.17
2/11/2020 7:15,9774.113333
2/11/2020 10:30,9844.41
2/11/2020 13:45,10122.98
2/11/2020 17:00,10231.58667
2/11/2020 20:15,10203.35667
2/11/2020 23:30,10224.96333
2/12/2020 2:45,10265.07333
2/12/2020 6:00,10305.18333
2/12/2020 9:15,10304.45333
2/12/2020 12:30,10326.32667
2/12/2020 15:45,10337.71667
2/12/2020 19:00,10359.04667
2/12/2020 22:15,10354.29
2/13/2020 1:30,10397.07333
2/13/2020 4:45,10390.29333
2/13/2020 8:00,10222.32333
2/13/2020 11:15,10294.83333
2/13/2020 14:30,10231.81667
2/13/2020 17:45,10227.71
2/13/2020 21:00,10217.46
2/14/2020 0:15,10252.57667
2/14/2020 3:30,10214.33667
2/14/2020 6:45,10191.76667
2/14/2020 10:00,10255.47
2/14/2020 13:15,10290.75667
2/14/2020 16:30,10320.62667
2/14/2020 19:45,10341.00667
2/14/2020 23:00,10275.63667
2/15/2020 2:15,10246.70333
2/15/2020 5:30,10231.64333
2/15/2020 8:45,10241.81
2/15/2020 12:00,10233.74667
2/15/2020 15:15,9991.09
2/15/2020 18:30,9908.106667
2/15/2020 21:45,9906.66
2/16/2020 1:00,9988.746667
2/16/2020 4:15,9978.986667
2/16/2020 7:30,9974.543333
2/16/2020 10:45,9924.096667
2/16/2020 14:00,9808.203333
2/16/2020 17:15,9771.283333
2/16/2020 20:30,9887.55
2/16/2020 23:45,9879.07
2/17/2020 3:00,9784.986667
2/17/2020 6:15,9786.11
2/17/2020 9:30,9674.286667
2/17/2020 12:45,9584.76
2/17/2020 16:00,9647.513333
2/17/2020 19:15,9652.49
2/17/2020 22:30,9700.993333
2/18/2020 1:45,9761.823333
2/18/2020 5:00,9782.94
2/18/2020 8:15,9709.626667
2/18/2020 11:30,9660.46
2/18/2020 14:45,9853.28
2/18/2020 18:00,10133.59667
2/18/2020 21:15,10131.17667
2/19/2020 0:30,10141.51
2/19/2020 3:45,10097.66333
2/19/2020 7:00,10088.33667
2/19/2020 10:15,10130.10667
2/19/2020 13:30,10142.4
2/19/2020 16:45,10175.32
2/19/2020 20:00,9736.77
2/19/2020 23:15,9593.543333
2/20/2020 2:30,9554.92
2/20/2020 5:45,9583.12
2/20/2020 9:00,9590.006667
2/20/2020 12:15,9576.373333
2/20/2020 15:30,9559.446667
2/20/2020 18:45,9582.68
2/20/2020 22:00,9610.45
2/21/2020 1:15,9674.01
2/21/2020 4:30,9676.603333
2/21/2020 7:45,9667.573333
2/21/2020 11:00,9716.013333
2/21/2020 14:15,9701.24
2/21/2020 17:30,9669.673333
2/21/2020 20:45,9677.566667
2/22/2020 0:00,9668.36
2/22/2020 3:15,9606.286667
2/22/2020 6:30,9615.95
2/22/2020 9:45,9639.746667
2/22/2020 13:00,9630.2
2/22/2020 16:15,9646.733333
2/22/2020 19:30,9674.28
2/22/2020 22:45,9663.683333
2/23/2020 2:00,9803.003333
2/23/2020 5:15,9872.386667
2/23/2020 8:30,9893.213333
2/23/2020 11:45,9867.886667
2/23/2020 15:00,9870.976667
2/23/2020 18:15,9872.59
2/23/2020 21:30,9936.686667
2/24/2020 0:45,9790.736667
2/24/2020 4:00,9712.243333
2/24/2020 7:15,9726.146667
2/24/2020 10:30,9773.603333
2/24/2020 13:45,9705.333333
2/24/2020 17:00,9590.396667
2/24/2020 20:15,9621.366667
2/24/2020 23:30,9615.913333
2/25/2020 2:45,9571.3
2/25/2020 6:00,9548.333333
2/25/2020 9:15,9596.336667
2/25/2020 12:30,9474.996667
2/25/2020 15:45,9373.193333
2/25/2020 19:00,9365.056667
2/25/2020 22:15,9287.913333
2/26/2020 1:30,9173.68
2/26/2020 4:45,9172.28
2/26/2020 8:00,9170.543333
2/26/2020 11:15,9093.19
2/26/2020 14:30,8811.873333
2/26/2020 17:45,8782.126667
2/26/2020 21:00,8765.373333
2/27/2020 0:15,8656.383333
2/27/2020 3:30,8764.346667
2/27/2020 6:45,8782.306667
2/27/2020 10:00,8834.173333
2/27/2020 13:15,8880.436667
2/27/2020 16:30,8906.796667
2/27/2020 19:45,8798.106667
2/27/2020 23:00,8842.073333
2/28/2020 2:15,8818.86
2/28/2020 5:30,8753.133333
2/28/2020 8:45,8627.403333
2/28/2020 12:00,8604.596667
2/28/2020 15:15,8586.953333
2/28/2020 18:30,8621.923333
2/28/2020 21:45,8715.233333
2/29/2020 1:00,8714.52
2/29/2020 4:15,8736.2
2/29/2020 7:30,8711.566667
2/29/2020 10:45,8651.55
2/29/2020 14:00,8626.623333
2/29/2020 17:15,8645.926667
2/29/2020 20:30,8596.07
2/29/2020 23:45,8606.826667
3/1/2020 3:00,8587.45
3/1/2020 6:15,8561.156667
3/1/2020 9:30,8635.503333
3/1/2020 12:45,8575.016667
3/1/2020 16:00,8497.626667
3/1/2020 19:15,8522.73
3/1/2020 22:30,8546.806667
3/2/2020 1:45,8613.03
3/2/2020 5:00,8646.156667
3/2/2020 8:15,8711.626667
3/2/2020 11:30,8817.07
3/2/2020 14:45,8851.403333
3/2/2020 18:00,8878.226667
3/2/2020 21:15,8874.643333
3/3/2020 0:30,8852.82
3/3/2020 3:45,8824.033333
3/3/2020 7:00,8801.53
3/3/2020 10:15,8813.833333
3/3/2020 13:30,8726.53
3/3/2020 16:45,8700.906667
3/3/2020 20:00,8744.963333
3/3/2020 23:15,8792.153333
3/4/2020 2:30,8814.393333
3/4/2020 5:45,8813.486667
3/4/2020 9:00,8748.336667
3/4/2020 12:15,8730.333333
3/4/2020 15:30,8711.333333
3/4/2020 18:45,8720.926667
3/4/2020 22:00,8824.93
3/5/2020 1:15,8890.173333
3/5/2020 4:30,8909.793333
3/5/2020 7:45,9024
3/5/2020 11:00,9092.99
3/5/2020 14:15,9080.656667
3/5/2020 17:30,9102.123333
3/5/2020 20:45,9073.053333
3/6/2020 0:00,9044.653333
3/6/2020 3:15,9080.68
3/6/2020 6:30,9109.026667
3/6/2020 9:45,9123.32
3/6/2020 13:00,9051.29
3/6/2020 16:15,9069.633333
3/6/2020 19:30,9092.636667
3/6/2020 22:45,9102.286667
3/7/2020 2:00,9080.646667
3/7/2020 5:15,9083.24
3/7/2020 8:30,9095.033333
3/7/2020 11:45,9105.47
3/7/2020 15:00,8961.406667
3/7/2020 18:15,8879.03
3/7/2020 21:30,8803.456667
3/8/2020 0:45,8747.973333
3/8/2020 4:00,8730.506667
3/8/2020 7:15,8717.476667
3/8/2020 10:30,8685.08
3/8/2020 13:45,8363.15
3/8/2020 17:00,8299.806667
3/8/2020 20:15,8221.726667
3/8/2020 23:30,8093.11
3/9/2020 2:45,7905.48
3/9/2020 6:00,7931.363333
3/9/2020 9:15,7855.033333
3/9/2020 12:30,7731.183333
3/9/2020 15:45,7760.52
3/9/2020 19:00,7826.923333
3/9/2020 22:15,7908.496667
3/10/2020 1:30,7912.153333
3/10/2020 4:45,7906.816667
3/10/2020 8:00,8011.81
3/10/2020 11:15,8095.12
3/10/2020 14:30,7908.81
3/10/2020 17:45,7940.183333
3/10/2020 21:00,7940.046667
3/11/2020 16:30,7763.336667
3/11/2020 19:45,7909.133333
3/11/2020 23:00,7758.833333
3/12/2020 2:15,7642.073333
3/12/2020 5:30,7460.94
3/12/2020 8:45,6387.513333
3/12/2020 12:00,6046.606667
3/12/2020 15:15,6111.226667
3/12/2020 18:30,5782.913333
3/12/2020 21:45,5032.506667
3/13/2020 1:00,4772.39
3/13/2020 4:15,5033.836667
3/13/2020 7:30,5426.673333
3/13/2020 10:45,5586.633333
3/13/2020 14:00,5309.77
3/13/2020 17:15,5241.24
3/13/2020 20:30,5506.366667
3/13/2020 23:45,5487.306667
3/14/2020 3:00,5486.903333
3/14/2020 6:15,5357.463333
3/14/2020 9:30,5359.226667
3/14/2020 12:45,5342.56
3/14/2020 16:00,5402.023333
3/14/2020 19:15,5299.353333
3/14/2020 22:30,5183.293333
3/15/2020 1:45,5229.026667
3/15/2020 5:00,5267.44
3/15/2020 8:15,5371.356667
3/15/2020 11:30,5377.43
3/15/2020 14:45,5323.246667
3/15/2020 18:00,5369.156667
3/15/2020 21:15,5471.606667
3/16/2020 0:30,5296.893333
3/16/2020 3:45,5090.786667
3/16/2020 7:00,4687.6
3/16/2020 10:15,4626.62
3/16/2020 13:30,4901.526667
3/16/2020 16:45,4973.116667
3/16/2020 20:00,4944.723333
3/16/2020 23:15,5167.106667
3/17/2020 2:30,5273.063333
3/17/2020 5:45,5313.636667
3/17/2020 9:00,5254.763333
3/17/2020 12:15,5250.703333
3/17/2020 15:30,5377.073333
3/17/2020 18:45,5421.896667
3/17/2020 22:00,5360.693333
3/18/2020 1:15,5373.756667
3/18/2020 4:30,5229.886667
3/18/2020 7:45,5119.32
3/18/2020 11:00,5249.613333
3/18/2020 14:15,5233.253333
3/18/2020 17:30,5305.38
3/18/2020 20:45,5354.91
3/19/2020 0:00,5327.7
3/19/2020 3:15,5356.413333
3/19/2020 6:30,5468.753333
3/19/2020 9:45,5722.82
3/19/2020 13:00,5890.663333
3/19/2020 16:15,6159.353333
3/19/2020 19:30,6264.016667
3/19/2020 22:45,6206.13
3/20/2020 2:00,6191.783333
3/20/2020 5:15,6433.88
3/20/2020 8:30,6690.36
3/20/2020 11:45,6588.16
3/20/2020 15:00,6459.876667
3/20/2020 18:15,6051.833333
3/20/2020 21:30,6162.4
3/21/2020 0:45,6257.033333
3/21/2020 4:00,6158.393333
3/21/2020 7:15,6047.066667
3/21/2020 10:30,6121.446667
3/21/2020 13:45,6167.363333
3/21/2020 17:00,6163.47
3/21/2020 20:15,6248.123333
3/21/2020 23:30,6243.743333
3/22/2020 2:45,6329.336667
3/22/2020 6:00,6284.74
3/22/2020 9:15,6098.59
3/22/2020 12:30,6049.896667
3/22/2020 15:45,5994.156667
3/22/2020 19:00,5966.52
3/22/2020 22:15,5860.89
3/23/2020 1:30,5905.016667
3/23/2020 4:45,5880.093333
3/23/2020 8:00,5842.97
3/23/2020 11:15,6170.833333
3/23/2020 14:30,6274.276667
3/23/2020 17:45,6348.003333
3/23/2020 21:00,6489.786667
3/24/2020 0:15,6576.766667
3/24/2020 3:30,6489.826667
3/24/2020 6:45,6693.893333
3/24/2020 10:00,6684.966667
3/24/2020 13:15,6599.51
3/24/2020 16:30,6631.166667
3/24/2020 19:45,6724.113333
3/24/2020 23:00,6676.656667
3/25/2020 2:15,6631.49
3/25/2020 5:30,6692.186667
3/25/2020 8:45,6645.216667
3/25/2020 12:00,6629.72
3/25/2020 15:15,6639.13
3/25/2020 18:30,6609.793333
3/25/2020 21:45,6690.65
3/26/2020 1:00,6707.476667
3/26/2020 4:15,6642.623333
3/26/2020 7:30,6615.143333
3/26/2020 10:45,6618.27
3/26/2020 14:00,6632.973333
3/26/2020 17:15,6678.456667
3/26/2020 20:30,6708.563333
3/26/2020 23:45,6783.633333
3/27/2020 3:00,6706.366667
3/27/2020 6:15,6685.736667
3/27/2020 9:30,6642.84
3/27/2020 12:45,6617.283333
3/27/2020 16:00,6642.733333
3/27/2020 19:15,6662.993333
3/27/2020 22:30,6390.996667
3/28/2020 1:45,6184.053333
3/28/2020 5:00,6180.45
3/28/2020 8:15,6263.883333
3/28/2020 11:30,6221.343333
3/28/2020 14:45,6125.94
3/28/2020 18:00,6205.64
3/28/2020 21:15,6223.04
3/29/2020 0:30,6204.74
3/29/2020 3:45,6168.803333
3/29/2020 7:00,6122.206667
3/29/2020 10:15,6127.29
3/29/2020 13:30,6097.066667
3/29/2020 16:45,5971.956667
3/29/2020 20:00,5918.793333
3/29/2020 23:15,5963.613333
3/30/2020 2:30,6139.926667
3/30/2020 5:45,6256.686667
3/30/2020 9:00,6311.383333
3/30/2020 12:15,6342.866667
3/30/2020 15:30,6369.51
3/30/2020 18:45,6482.086667
3/30/2020 22:00,6485.376667
3/31/2020 1:15,6456.076667
3/31/2020 4:30,6427.44
3/31/2020 7:45,6446.753333
3/31/2020 11:00,6422.14
3/31/2020 14:15,6441.65
3/31/2020 17:30,6450.4
3/31/2020 20:45,6430.336667
4/1/2020 0:00,6344.19
4/1/2020 3:15,6321.84
4/1/2020 6:30,6295.643333
4/1/2020 9:45,6254.876667
4/1/2020 13:00,6213.75
4/1/2020 16:15,6180.926667
4/1/2020 19:30,6425.113333
4/1/2020 22:45,6596.283333
4/2/2020 2:00,6593.533333
4/2/2020 5:15,6623.64
4/2/2020 8:30,6660.673333
4/2/2020 11:45,6727.946667
4/2/2020 15:00,6942.646667
4/2/2020 18:15,6769.74
4/2/2020 21:30,6790.403333
4/3/2020 0:45,6780.896667
4/3/2020 4:00,6792.616667
4/3/2020 7:15,6912.303333
4/3/2020 10:30,6925.36
4/3/2020 13:45,6753.756667
4/3/2020 17:00,6754.343333
4/3/2020 20:15,6745.71
4/3/2020 23:30,6748.593333
4/4/2020 2:45,6716.94
4/4/2020 6:00,6744.386667
4/4/2020 9:15,6763.18
4/4/2020 12:30,6722.423333
4/4/2020 15:45,6766.943333
4/4/2020 19:00,6841.733333
4/4/2020 22:15,6859.603333
4/5/2020 1:30,6800.24
4/5/2020 4:45,6784.156667
4/5/2020 8:00,6783.076667
4/5/2020 11:15,6788.853333
4/5/2020 14:30,6734.72
4/5/2020 17:45,6763.743333
4/5/2020 21:00,6772.546667
4/6/2020 0:15,6834.063333
4/6/2020 3:30,7001.983333
4/6/2020 6:45,7064.173333
4/6/2020 10:00,7121
4/6/2020 13:15,7122.536667
4/6/2020 16:30,7232.35
4/6/2020 19:45,7256
4/6/2020 23:00,7338.92
4/7/2020 2:15,7283.426667
4/7/2020 5:30,7326.81
4/7/2020 8:45,7380.366667
4/7/2020 12:00,7334.073333
4/7/2020 15:15,7328.003333
4/7/2020 18:30,7222.33
4/7/2020 21:45,7169.503333
4/8/2020 1:00,7298.39
4/8/2020 4:15,7344.79
4/8/2020 7:30,7300.98
4/8/2020 10:45,7249.623333
4/8/2020 14:00,7306.32
4/8/2020 17:15,7322.16
4/8/2020 20:30,7350.99
4/8/2020 23:45,7329.336667
4/9/2020 3:00,7289.953333
4/9/2020 6:15,7316.573333
4/9/2020 9:30,7245.13
4/9/2020 12:45,7285.15
4/9/2020 16:00,7270.446667
4/9/2020 19:15,7285.726667
4/9/2020 22:30,7278.82
4/10/2020 1:45,7172.223333
4/10/2020 5:00,6983.423333
4/10/2020 8:15,6906.8
4/10/2020 11:30,6867.55
4/10/2020 14:45,6838.153333
4/10/2020 18:00,6906.256667
4/10/2020 21:15,6866.933333
4/11/2020 0:30,6887.413333
4/11/2020 3:45,6919.52
4/11/2020 7:00,6869.543333
4/11/2020 10:15,6863.106667
4/11/2020 13:30,6834.736667
4/11/2020 16:45,6805.433333
4/11/2020 20:00,6834.73
4/11/2020 23:15,6839.663333
4/12/2020 2:30,6813.233333
4/12/2020 5:45,6826.04
4/12/2020 9:00,6854.606667
4/12/2020 12:15,6943.81
4/12/2020 15:30,7074.573333
4/12/2020 18:45,7111.533333
4/12/2020 22:00,6831.18
4/13/2020 1:15,6691.9
4/13/2020 4:30,6703.643333
4/13/2020 7:45,6700.39
4/13/2020 11:00,6730.796667
4/13/2020 14:15,6748.746667
4/13/2020 17:30,6790.286667
4/13/2020 20:45,6840.156667
4/14/2020 0:00,6839.913333
4/14/2020 3:15,6874.756667
4/14/2020 6:30,6813.37
4/14/2020 9:45,6832.446667
4/14/2020 13:00,6900.66
4/14/2020 16:15,6908.776667
4/14/2020 19:30,6881.456667
4/14/2020 22:45,6860.553333
4/15/2020 2:00,6895.163333
4/15/2020 5:15,6883.47
4/15/2020 8:30,6809.7
4/15/2020 11:45,6734.75
4/15/2020 15:00,6739.973333
4/15/2020 18:15,6743.063333
4/15/2020 21:30,6595.68
4/16/2020 0:45,6619.756667
4/16/2020 4:00,6756.243333
4/16/2020 7:15,7004.68
4/16/2020 10:30,7011.533333
4/16/2020 13:45,7010.546667
4/16/2020 17:00,7026.316667
4/16/2020 20:15,7100.82
4/16/2020 23:30,7084.123333
4/17/2020 2:45,7059.863333
4/17/2020 6:00,7054.763333
4/17/2020 9:15,7086.43
4/17/2020 12:30,7047.906667
4/17/2020 15:45,7040.436667
4/17/2020 19:00,7058.446667
4/17/2020 22:15,7078.106667
4/18/2020 1:30,7082.973333
4/18/2020 4:45,7094.456667
4/18/2020 8:00,7079.77
4/18/2020 11:15,7178.343333
4/18/2020 14:30,7203.833333
4/18/2020 17:45,7209.076667
4/18/2020 21:00,7238.793333
4/19/2020 0:15,7219.35
4/19/2020 3:30,7175.046667
4/19/2020 6:45,7158.086667
4/19/2020 10:00,7151.45
4/19/2020 13:15,7114.133333
4/19/2020 16:30,7139.11
4/19/2020 19:45,7162.576667
4/19/2020 23:00,7143.693333
4/20/2020 2:15,7175.27
4/20/2020 5:30,7157.446667
4/20/2020 8:45,7029.82
4/20/2020 12:00,7028.213333
4/20/2020 15:15,6928.866667
4/20/2020 18:30,6847.133333
4/20/2020 21:45,6869.466667
4/21/2020 1:00,6869.53
4/21/2020 4:15,6866.653333
4/21/2020 7:30,6828.823333
4/21/2020 10:45,6810.713333
4/21/2020 14:00,6839.353333
4/21/2020 17:15,6876.956667
4/21/2020 20:30,6860.99
4/21/2020 23:45,6857.313333
4/22/2020 3:00,6881.513333
4/22/2020 6:15,6936.53
4/22/2020 9:30,6945.66
4/22/2020 12:45,7055.846667
4/22/2020 16:00,7105.493333
4/22/2020 19:15,7103.273333
4/22/2020 22:30,7138.866667
4/23/2020 1:45,7134.676667
4/23/2020 5:00,7079.7
4/23/2020 8:15,7080.243333
4/23/2020 11:30,7413.086667
4/23/2020 14:45,7534.78
4/23/2020 18:00,7539.553333
4/23/2020 21:15,7512.546667
4/24/2020 0:30,7515.626667
4/24/2020 3:45,7522.406667
4/24/2020 7:00,7553.336667
4/24/2020 10:15,7516.98
4/24/2020 13:30,7477.146667
4/24/2020 16:45,7519.436667
4/24/2020 20:00,7509.23
4/24/2020 23:15,7482.06
4/25/2020 2:30,7520.226667
4/25/2020 5:45,7556.696667
4/25/2020 9:00,7552.123333
4/25/2020 12:15,7568.71
4/25/2020 15:30,7566.936667
4/25/2020 18:45,7528.406667
4/25/2020 22:00,7547.613333
4/26/2020 1:15,7555.783333
4/26/2020 4:30,7542.69
4/26/2020 7:45,7609.893333
4/26/2020 11:00,7660.66
4/26/2020 14:15,7592.593333
4/26/2020 17:30,7616.92
4/26/2020 20:45,7656.4
4/27/2020 0:00,7725.753333
4/27/2020 3:15,7699.44
4/27/2020 6:30,7699.946667
4/27/2020 9:45,7693.863333
4/27/2020 13:00,7669.733333
4/27/2020 16:15,7687.893333
4/27/2020 19:30,7723.52
4/27/2020 22:45,7721.366667
4/28/2020 2:00,7684.813333
4/28/2020 5:15,7697.073333
4/28/2020 8:30,7725.466667
4/28/2020 11:45,7714.893333
4/28/2020 15:00,7716.84
4/28/2020 18:15,7721.473333
4/28/2020 21:30,7743.186667
4/29/2020 0:45,7790.73
4/29/2020 4:00,7911.216667
4/29/2020 7:15,8050.74
4/29/2020 10:30,8239.136667
4/29/2020 13:45,8508.296667
4/29/2020 17:00,8752.65
4/29/2020 20:15,8781.31
4/29/2020 23:30,8819.33
4/30/2020 2:45,9207.886667
4/30/2020 6:00,9110.103333
4/30/2020 9:15,8812.673333
4/30/2020 12:30,8799.48
4/30/2020 15:45,8626.143333
4/30/2020 19:00,8757.073333
4/30/2020 22:15,8692.753333
5/1/2020 1:30,8720.436667
5/1/2020 4:45,8766.33
5/1/2020 8:00,8835.3
5/1/2020 11:15,8851.293333
5/1/2020 14:30,8748.633333
5/1/2020 17:45,8725.966667
5/1/2020 21:00,8807.913333
5/2/2020 0:15,8815.786667
5/2/2020 3:30,8825.72
5/2/2020 6:45,8805.54
5/2/2020 10:00,8873.016667
5/2/2020 13:15,8929.783333
5/2/2020 16:30,8899.606667
5/2/2020 19:45,8908.316667
5/2/2020 23:00,9088.453333
5/3/2020 2:15,9116.7
5/3/2020 5:30,9031.923333
5/3/2020 8:45,9066.746667
5/3/2020 12:00,8873.096667
5/3/2020 15:15,8840.733333
5/3/2020 18:30,8864.263333
5/3/2020 21:45,8847.676667
5/4/2020 1:00,8729.786667
5/4/2020 4:15,8624.156667
5/4/2020 7:30,8651.716667
5/4/2020 10:45,8760.27
5/4/2020 14:00,8825.26
5/4/2020 17:15,8829.966667
5/4/2020 20:30,8883.106667
5/4/2020 23:45,8882.935647
5/5/2020 3:00,8882.764626
5/5/2020 6:15,8882.593606
5/5/2020 9:30,8882.422585
5/5/2020 12:45,8882.251565
5/5/2020 16:00,8882.080545
5/5/2020 19:15,8881.909524
5/5/2020 22:30,8881.738504
5/6/2020 1:45,8881.567483
5/6/2020 5:00,8881.396463
5/6/2020 8:15,8881.225443
5/6/2020 11:30,8881.054422
5/6/2020 14:45,8880.883402
5/6/2020 18:00,8880.712381
5/6/2020 21:15,8880.541361
5/7/2020 0:30,8880.37034
5/7/2020 3:45,8880.19932
5/7/2020 7:00,8880.0283
5/7/2020 10:15,8879.857279
5/7/2020 13:30,8879.686259
5/7/2020 16:45,8879.515238
5/7/2020 20:00,8879.344218
5/7/2020 23:15,8879.173198
5/8/2020 2:30,8879.002177
5/8/2020 5:45,8878.831157
5/8/2020 9:00,8878.660136
5/8/2020 12:15,8878.489116
5/8/2020 15:30,8878.318096
5/8/2020 18:45,8878.147075
5/8/2020 22:00,8877.976055
5/9/2020 1:15,8877.805034
5/9/2020 4:30,8877.634014
5/9/2020 7:45,8877.462994
5/9/2020 11:00,8877.291973
5/9/2020 14:15,8877.120953
5/9/2020 17:30,8876.949932
5/9/2020 20:45,8876.778912
5/10/2020 0:00,8876.607891
5/10/2020 3:15,8876.436871
5/10/2020 6:30,8876.265851
5/10/2020 9:45,8876.09483
5/10/2020 13:00,8875.92381
5/10/2020 16:15,8875.752789
5/10/2020 19:30,8875.581769
5/10/2020 22:45,8875.410749
5/11/2020 2:00,8875.239728
5/11/2020 5:15,8875.068708
5/11/2020 8:30,8874.897687
5/11/2020 11:45,8874.726667
5/11/2020 15:00,8543.003333
5/11/2020 18:15,8566.48
5/11/2020 21:30,8578.366667
5/12/2020 0:45,8672.56
5/12/2020 4:00,8711.683333
5/12/2020 7:15,8733.663333
5/12/2020 10:30,8747.866667
5/12/2020 13:45,8858.676667
5/12/2020 17:00,8843.476667
5/12/2020 20:15,8802.306667
5/12/2020 23:30,8885.74
5/13/2020 2:45,8900.08
5/13/2020 6:00,8891.946667
5/13/2020 9:15,8982.046667
5/13/2020 12:30,9107.743333
5/13/2020 15:45,9096.233333
5/13/2020 19:00,9262.553333
5/13/2020 22:15,9317.41
5/14/2020 21:00,9740.296667
5/15/2020 16:30,9413.326667
5/15/2020 19:45,9357.633333
5/15/2020 23:00,9356.333333
5/16/2020 18:30,9370.852307
5/16/2020 21:45,9385.371282
5/17/2020 20:30,9399.890256
5/17/2020 23:45,9414.409231
5/19/2020 21:15,9428.928205
5/20/2020 20:00,9443.447179
5/20/2020 23:15,9457.966154
5/21/2020 22:00,9472.485128
5/22/2020 20:45,9487.004102
5/23/2020 22:45,9501.523077
5/24/2020 21:30,9516.042051
5/25/2020 20:15,9530.561026
5/25/2020 23:30,9545.08
5/26/2020 22:15,9559.598974
5/27/2020 21:00,9574.117949
5/28/2020 23:00,9588.636923
5/29/2020 21:45,9603.155898
5/30/2020 23:45,9617.674872
5/31/2020 22:30,9632.193846
6/2/2020 23:15,9646.712821
6/3/2020 22:00,9661.231795
6/4/2020 20:45,9675.750769
6/5/2020 22:45,9690.269744
6/6/2020 21:30,9704.788718
6/7/2020 23:30,9719.307693
6/8/2020 22:15,9733.826667
6/9/2020 21:00,9766.723333
6/10/2020 23:00,9905.736667
6/12/2020 20:30,9459.24
6/12/2020 23:45,9439.55
6/13/2020 22:30,9446.953333
6/14/2020 21:15,9337.306667
6/15/2020 23:15,9411
6/16/2020 22:00,9496.44
6/17/2020 20:45,9436.706667
6/18/2020 22:45,9351.213333
6/19/2020 21:30,9317.79
6/20/2020 23:30,9373.68
6/21/2020 22:15,9319.1
6/22/2020 21:00,9686.236667
6/23/2020 23:00,9631.686667
6/24/2020 21:45,9279.9
6/25/2020 23:45,9250.286667
6/26/2020 22:30,9145.663333
6/27/2020 21:15,9001.783333
6/28/2020 23:15,9124.516667
6/29/2020 22:00,9184.84
6/30/2020 20:45,9143.843333
7/1/2020 22:45,9238.59
7/2/2020 21:30,9102.1
7/3/2020 23:30,9077.576667
7/4/2020 22:15,9128.47
7/5/2020 21:00,9038.61
7/6/2020 23:00,9300.44
7/7/2020 21:45,9247.88
7/8/2020 23:45,9394.753333
7/9/2020 22:30,9225.476667
7/10/2020 21:15,9263.06
7/12/2020 22:00,9287.383333
7/13/2020 20:45,9241.81
7/14/2020 22:45,9254.366667
7/15/2020 21:30,9208.12
7/16/2020 23:30,9130.046667
7/17/2020 22:15,9156.176667
7/18/2020 21:00,9172.433333
7/19/2020 23:00,9193.696667
7/20/2020 21:45,9165.123333
7/21/2020 23:45,9369.18
7/23/2020 21:15,9589.166667
7/25/2020 22:00,9687.716667
7/26/2020 20:45,9913.486667
7/27/2020 22:45,11125.98333
7/28/2020 21:30,10936.78333
7/29/2020 23:30,11040.11667
7/30/2020 22:15,11051.32
7/31/2020 21:00,11338.03667
8/1/2020 23:00,11880.23667
8/2/2020 21:45,11091.87333
8/3/2020 23:45,11304.11
8/4/2020 22:30,11167.45333
8/5/2020 21:15,11676.29333
8/6/2020 23:15,11824.45333
8/7/2020 22:00,11603.06
8/8/2020 20:45,11739.30333
8/9/2020 22:45,11783.04
8/10/2020 2:00,11948.21667
8/10/2020 5:15,11972.32333
8/10/2020 8:30,11801.74
8/10/2020 11:45,11850.38667
8/10/2020 15:00,11885.49667
8/10/2020 18:15,11831.21667
8/10/2020 21:30,11853.46333
8/11/2020 13:45,11477.5
8/11/2020 17:00,11399.72
8/11/2020 20:15,11303.38
8/11/2020 23:30,11306.80333
8/12/2020 2:45,11294.27667
8/12/2020 6:00,11369.63667
8/12/2020 9:15,11482.26333
8/12/2020 12:30,11540.87
8/12/2020 15:45,11535.43
8/12/2020 19:00,11550.61333
8/12/2020 22:15,11605.83
8/13/2020 1:30,11575.13667
8/13/2020 4:45,11526.80333
8/13/2020 8:00,11464.61333
8/13/2020 11:15,11510.99
8/13/2020 14:30,11498.02333
8/13/2020 17:45,11561.43333
8/13/2020 21:00,11752.98667
8/14/2020 0:15,11731.57333
8/14/2020 3:30,11697.92667
8/14/2020 6:45,11689.56
8/14/2020 10:00,11713.67
8/14/2020 13:15,11771.76333
8/14/2020 16:30,11807.51
8/14/2020 19:45,11768.99667
8/14/2020 23:00,11880.53667
8/15/2020 2:15,11870.35667
8/15/2020 5:30,11872.94667
8/15/2020 8:45,11866.62
8/15/2020 12:00,11805.64667
8/15/2020 15:15,11862.07333
8/15/2020 18:30,11925.61
8/15/2020 21:45,11861.58333
8/16/2020 1:00,11872.34667
8/16/2020 4:15,11877.65333
8/16/2020 7:30,11824.77667
8/16/2020 10:45,11776
8/16/2020 14:00,11843.17
8/16/2020 17:15,11827.26333
8/16/2020 20:30,11863.96667
8/16/2020 23:45,11855.63
8/17/2020 3:00,11830.42333
8/17/2020 6:15,11851.7
8/17/2020 9:30,11888.7
8/17/2020 12:45,12220.08667
8/17/2020 16:00,12330.08
8/17/2020 19:15,12325.14667
8/17/2020 22:30,12321.05333
8/18/2020 1:45,12274.13333
8/18/2020 5:00,12242.06333
8/18/2020 8:15,12239.95667
8/18/2020 11:30,12011.06667
8/18/2020 14:45,11965.61
8/18/2020 18:00,12030.25
8/18/2020 21:15,11998.33
8/19/2020 0:30,11922.97333
8/19/2020 3:45,11748.16
8/19/2020 7:00,11785.43333
8/19/2020 10:15,11826.99333
8/19/2020 13:30,11744.16
8/19/2020 16:45,11695.70333
8/19/2020 20:00,11698.11667
8/19/2020 23:15,11757.10667
8/20/2020 2:30,11710.16333
8/20/2020 5:45,11738.69667
8/20/2020 9:00,11794.39333
8/20/2020 12:15,11805.56667
8/20/2020 15:30,11846.75667
8/20/2020 18:45,11841.23333
8/20/2020 22:00,11833.46667
8/21/2020 1:15,11831.03667
8/21/2020 4:30,11835.65333
8/21/2020 7:45,11779.38333
8/21/2020 11:00,11704.72333
8/21/2020 14:15,11702.02333
8/21/2020 17:30,11675.13
8/21/2020 20:45,11568.41333
8/22/2020 0:00,11462.74667
8/22/2020 3:15,11522.36333
8/22/2020 6:30,11577.33667
8/22/2020 9:45,11581.06
8/22/2020 13:00,11593.65667
8/22/2020 16:15,11589.73333
8/22/2020 19:30,11640.30333
8/22/2020 22:45,11649.39667
8/23/2020 2:00,11608.62667
8/23/2020 5:15,11587.53
8/23/2020 8:30,11549.20667
8/23/2020 11:45,11599.18
8/23/2020 15:00,11637.07
8/23/2020 18:15,11663.95
8/23/2020 21:30,11630.88667
8/24/2020 0:45,11657.55
8/24/2020 4:00,11723.45667
8/24/2020 7:15,11773.90333
8/24/2020 10:30,11790.45333
8/24/2020 13:45,11755.06667
8/24/2020 17:00,11735.08
8/24/2020 20:15,11757.17333
8/24/2020 23:30,11733.53
8/25/2020 2:45,11675.89667
8/25/2020 6:00,11580.63667
8/25/2020 9:15,11531.72667
8/25/2020 12:30,11421.95
8/25/2020 15:45,11290.92
8/25/2020 19:00,11317.53
8/25/2020 22:15,11321.54333
8/26/2020 1:30,11362.65
8/26/2020 4:45,11346.25667
8/26/2020 8:00,11387.24667
8/26/2020 11:15,11389.83333
8/26/2020 14:30,11482.33333
8/26/2020 17:45,11480.98333
8/26/2020 21:00,11467.09667
8/27/2020 0:15,11417.22
8/27/2020 3:30,11379.47333
8/27/2020 6:45,11406.84667
8/27/2020 10:00,11375.47
8/27/2020 13:15,11384.75333
8/27/2020 16:30,11234.84
8/27/2020 19:45,11272.57667
8/27/2020 23:00,11345.7
8/28/2020 2:15,11376.33333
8/28/2020 5:30,11402.01667
8/28/2020 8:45,11441.44333
8/28/2020 12:00,11445.14667
8/28/2020 15:15,11499.62
8/28/2020 18:30,11490.93
8/28/2020 21:45,11495.72
8/29/2020 1:00,11490.91
8/29/2020 4:15,11513.60667
8/29/2020 7:30,11522.72333
8/29/2020 10:45,11450.97
8/29/2020 14:00,11485.07
8/29/2020 17:15,11527.37667
8/29/2020 20:30,11498.66333
8/29/2020 23:45,11575.57667
8/30/2020 3:00,11599.38333
8/30/2020 6:15,11579.86667
8/30/2020 9:30,11591.41667
8/30/2020 12:45,11623.91
8/30/2020 16:00,11640.51
8/30/2020 19:15,11628.19333
8/30/2020 22:30,11679.17667
8/31/2020 1:45,11676.53333
8/31/2020 5:00,11632.54667
8/31/2020 8:15,11625.50667
8/31/2020 11:30,11708.25
8/31/2020 14:45,11717.02333
8/31/2020 18:00,11684.43667
8/31/2020 21:15,11611.09
9/1/2020 0:30,11650.33
9/1/2020 3:45,11800.10333
9/1/2020 7:00,11909.54
9/1/2020 10:15,11886.04667
9/1/2020 13:30,11958.2
9/1/2020 16:45,11972.97667
9/1/2020 20:00,11993.33
9/1/2020 23:15,11922.35667
9/2/2020 2:30,11868.11
9/2/2020 5:45,11747.59
9/2/2020 9:00,11492.15
9/2/2020 12:15,11340.01333
9/2/2020 15:30,11328.37
9/2/2020 18:45,11357.41333
9/2/2020 22:00,11397.49667
9/3/2020 1:15,11364.94
9/3/2020 4:30,11310.95333
9/3/2020 7:45,11303.74667
9/3/2020 11:00,10976.15333
9/3/2020 14:15,10736.92333
9/3/2020 17:30,10701.92333
9/3/2020 20:45,10352.61667
9/4/2020 0:00,10255.77
9/4/2020 3:15,10282.36333
9/4/2020 6:30,10349.55333
9/4/2020 9:45,10451.09333
9/4/2020 13:00,10301.10333
9/4/2020 16:15,10447.61667
9/4/2020 19:30,10542.47
9/4/2020 22:45,10486.88
9/5/2020 2:00,10442.60333
9/5/2020 5:15,10400.38
9/5/2020 8:30,10254.11
9/5/2020 11:45,10211.73
9/5/2020 15:00,10152.27
9/5/2020 18:15,10047.67
9/5/2020 21:30,10124.64667
9/6/2020 0:45,10150.71667
9/6/2020 4:00,10118.74
9/6/2020 7:15,10207.69667
9/6/2020 10:30,10228.88333
9/6/2020 13:45,10212.31667
9/6/2020 17:00,10232.52333
9/6/2020 20:15,10248.17667
9/6/2020 23:30,10246.53
9/7/2020 2:45,10144.98333
9/7/2020 6:00,10122.31333
9/7/2020 9:15,10041.58667
9/7/2020 12:30,10047.66667
9/7/2020 15:45,10169.96
9/7/2020 19:00,10165.37667
9/7/2020 22:15,10326.08
9/8/2020 1:30,10285.79333
9/8/2020 4:45,10264.79
9/8/2020 8:00,10101.68333
9/8/2020 11:15,10040.88
9/8/2020 14:30,10122.36667
9/8/2020 17:45,10042.84
9/8/2020 21:00,10046.73333
9/9/2020 0:15,10049.61667
9/9/2020 3:30,10064.93667
9/9/2020 6:45,10155.36
9/9/2020 10:00,10207.86667
9/9/2020 13:15,10230.79333
9/9/2020 16:30,10283.21
9/9/2020 19:45,10267.43
9/9/2020 23:00,10320.95667
9/10/2020 2:15,10378.96667
9/10/2020 5:30,10309.03333
9/10/2020 8:45,10282.34
9/10/2020 12:00,10380.65
9/10/2020 15:15,10331.53333
9/10/2020 18:30,10301.50667
9/10/2020 21:45,10339.65667
9/11/2020 1:00,10266.87667
9/11/2020 4:15,10261.48667
9/11/2020 7:30,10291.17
9/11/2020 10:45,10273.56
9/11/2020 14:00,10293.28
9/11/2020 17:15,10306.06333
9/11/2020 20:30,10363.83667
9/11/2020 23:45,10355.50667
9/12/2020 3:00,10343.22
9/12/2020 6:15,10337.8
9/12/2020 9:30,10323.87
9/12/2020 12:45,10337.24333
9/12/2020 16:00,10425.22667
9/12/2020 19:15,10431.55
9/12/2020 22:30,10425.59
9/13/2020 1:45,10504.96667
9/13/2020 5:00,10544.32
9/13/2020 8:15,10482.96
9/13/2020 11:30,10343.96333
9/13/2020 14:45,10278.37667
9/13/2020 18:00,10290.72333
9/13/2020 21:15,10307.07333
9/14/2020 0:30,10319.41
9/14/2020 3:45,10348.70667
9/14/2020 7:00,10394.62
9/14/2020 10:15,10536.09667
9/14/2020 13:30,10677.74667
9/14/2020 16:45,10683.71667
9/14/2020 20:00,10673.92
9/14/2020 23:15,10731.35667
9/15/2020 2:30,10755.20333
9/15/2020 5:45,10675.14667
9/15/2020 9:00,10791.23
9/15/2020 12:15,10814.97667
9/15/2020 15:30,10761.93333
9/15/2020 18:45,10829.87
9/15/2020 22:00,10745.45667
9/16/2020 1:15,10767.48667
9/16/2020 4:30,10845.81333
9/16/2020 7:45,10866.87333
9/16/2020 11:00,10904.43333
9/16/2020 14:15,10988.39667
9/16/2020 17:30,11024.09333
9/16/2020 20:45,10979
9/17/2020 0:00,10958.34
9/17/2020 3:15,10888.03667
9/17/2020 6:30,10878.38333
9/17/2020 9:45,10828.44667
9/17/2020 13:00,10819.59
9/17/2020 16:15,10870.12333
9/17/2020 19:30,10927.90667
9/17/2020 22:45,10915.44667
9/18/2020 2:00,10908.85
9/18/2020 5:15,10936.72333
9/18/2020 8:30,10984.14667
9/18/2020 11:45,10950.53333
9/18/2020 15:00,10866.67333
9/18/2020 18:15,10875.39667
9/18/2020 21:30,10938.10667
9/19/2020 0:45,10963.70667
9/19/2020 4:00,10950.40667
9/19/2020 7:15,10934.06
9/19/2020 10:30,11071.15667
9/19/2020 13:45,11077.05667
9/19/2020 17:00,11052.53
9/19/2020 20:15,11058.61333
9/19/2020 23:30,10980.08333
9/20/2020 2:45,10945.38667
9/20/2020 6:00,10958.26333
9/20/2020 9:15,10898.11667
9/20/2020 12:30,10853.07667
9/20/2020 15:45,10856.55333
9/20/2020 19:00,10852.43
9/20/2020 22:15,10926.24667
9/21/2020 1:30,10956.42667
9/21/2020 4:45,10922.37
9/21/2020 8:00,10740.7
9/21/2020 11:15,10547.79
9/21/2020 14:30,10393.09
9/21/2020 17:45,10462.28
9/21/2020 21:00,10461.28333
9/22/2020 0:15,10447.54333
9/22/2020 3:30,10451.95667
9/22/2020 6:45,10429.36333
9/22/2020 10:00,10472.01
9/22/2020 13:15,10475.02667
9/22/2020 16:30,10474.42333
9/22/2020 19:45,10514.91667
9/22/2020 23:00,10515.86333
9/23/2020 2:15,10483.37333
9/23/2020 5:30,10439.14667
9/23/2020 8:45,10468.18333
9/23/2020 12:00,10491.5
9/23/2020 15:15,10452.18333
9/23/2020 18:30,10283.29333
9/23/2020 21:45,10263.85667
9/24/2020 1:00,10302.44333
9/24/2020 4:15,10295.39
9/24/2020 7:30,10320.37333
9/24/2020 10:45,10374.17
9/24/2020 14:00,10575.41
9/24/2020 17:15,10653.80333
9/24/2020 20:30,10709.28
9/24/2020 23:45,10716.77
9/25/2020 3:00,10664.72
9/25/2020 6:15,10630.63333
9/25/2020 9:30,10615.83667
9/25/2020 12:45,10623.85
9/25/2020 16:00,10688.28667
9/25/2020 19:15,10715.30333
9/25/2020 22:30,10682.39
9/26/2020 1:45,10718.85
9/26/2020 5:00,10726.37
9/26/2020 8:15,10702.25
9/26/2020 11:30,10703.96333
9/26/2020 14:45,10725.74333
9/26/2020 18:00,10732.5
9/26/2020 21:15,10739.17667
9/27/2020 0:30,10771.31333
9/27/2020 3:45,10702.61667
9/27/2020 7:00,10652.26
9/27/2020 10:15,10649.33333
9/27/2020 13:30,10716.58667
9/27/2020 16:45,10725.70667
9/27/2020 20:00,10733.95333
9/27/2020 23:15,10862.97333
9/28/2020 2:30,10889.52667
9/28/2020 5:45,10859.83
9/28/2020 9:00,10884.45
9/28/2020 12:15,10896.25
9/28/2020 15:30,10878.31333
9/28/2020 18:45,10869.18
9/28/2020 22:00,10751.11
9/29/2020 1:15,10694.2
9/29/2020 4:30,10719.25
9/29/2020 7:45,10754.34
9/29/2020 11:00,10763.94667
9/29/2020 14:15,10698.16
9/29/2020 17:30,10728.32667
9/29/2020 20:45,10814.38667
9/30/2020 0:00,10791.79333
9/30/2020 3:15,10730.06667
9/30/2020 6:30,10696.89667
9/30/2020 9:45,10713.97667
9/30/2020 13:00,10757.11667
9/30/2020 16:15,10727.71333
9/30/2020 19:30,10728.47667
9/30/2020 22:45,10807.31667
10/1/2020 2:00,10813.44
10/1/2020 5:15,10872.33
10/1/2020 8:30,10881.46333
10/1/2020 11:45,10864.63
10/1/2020 15:00,10620.93
10/1/2020 18:15,10586.77667
10/1/2020 21:30,10601.43
10/2/2020 0:45,10630.67
10/2/2020 4:00,10517.87
10/2/2020 7:15,10440.00667
10/2/2020 10:30,10476.69
10/2/2020 13:45,10533.61667
10/2/2020 17:00,10532.01
10/2/2020 20:15,10536.32667
10/2/2020 23:30,10544.14
10/3/2020 2:45,10544.10333
10/3/2020 6:00,10519.61333
10/3/2020 9:15,10535.57333
10/3/2020 12:30,10537.97667
10/3/2020 15:45,10567.94667
10/3/2020 19:00,10555.40333
10/3/2020 22:15,10537.37667
10/4/2020 1:30,10555.59
10/4/2020 4:45,10602.06333
10/4/2020 8:00,10594.04333
10/4/2020 11:15,10599.13333
10/4/2020 14:30,10599.02
10/4/2020 17:45,10645.98667
10/4/2020 21:00,10692.44
10/5/2020 0:15,10695.95333
10/5/2020 3:30,10649.59667
10/5/2020 6:45,10668.14333
10/5/2020 10:00,10693.42333
10/5/2020 13:15,10730.12
10/5/2020 16:30,10719.53333
10/5/2020 19:45,10747.02667
10/5/2020 23:00,10766.87333
10/6/2020 2:15,10764.75333
10/6/2020 5:30,10731.16
10/6/2020 8:45,10704.01
10/6/2020 12:00,10666.74667
10/6/2020 15:15,10713.78667
10/6/2020 18:30,10611.76667
10/6/2020 21:45,10589.97
10/7/2020 1:00,10577.55
10/7/2020 4:15,10604.98667
10/7/2020 7:30,10591.49
10/7/2020 10:45,10608.34667
10/7/2020 14:00,10622.36
10/7/2020 17:15,10649.64333
10/7/2020 20:30,10662.94
10/7/2020 23:45,10642.63333
10/8/2020 3:00,10628.03667
10/8/2020 6:15,10574.11333
10/8/2020 9:30,10612.73667
10/8/2020 12:45,10817.17
10/8/2020 16:00,10889.37
10/8/2020 19:15,10887.97
10/8/2020 22:30,10893.27667
10/9/2020 1:45,10887.47667
10/9/2020 5:00,10874.55
10/9/2020 8:15,11006.41
10/9/2020 11:30,11058.12667
10/9/2020 14:45,11065.66
10/9/2020 18:00,11033.52333
10/9/2020 21:15,11064.52
10/10/2020 0:30,11307.74
10/10/2020 3:45,11378.59667
10/10/2020 7:00,11304.50667
10/10/2020 10:15,11309.4
10/10/2020 13:30,11351.46667
10/10/2020 16:45,11350.16333
10/10/2020 20:00,11322.84667
10/10/2020 23:15,11338.92
10/11/2020 2:30,11333.05333
10/11/2020 5:45,11347.65667
10/11/2020 9:00,11368.89667
10/11/2020 12:15,11406.83
10/11/2020 15:30,11403.11
10/11/2020 18:45,11343.60333
10/11/2020 22:00,11355.67333
10/12/2020 1:15,11382.73333
10/12/2020 4:30,11376.53667
10/12/2020 7:45,11294.08333
10/12/2020 11:00,11413.33667
10/12/2020 14:15,11521.2
10/12/2020 17:30,11559.56333
10/12/2020 20:45,11575.72333
10/13/2020 0:00,11480.01667
10/13/2020 3:15,11487.97333
10/13/2020 6:30,11466.74
10/13/2020 9:45,11474.39333
10/13/2020 13:00,11369.31667
10/13/2020 16:15,11390.67667
10/13/2020 19:30,11426.48667
10/13/2020 22:45,11445.7
10/14/2020 2:00,11403.95333
10/14/2020 5:15,11414.64333
10/14/2020 8:30,11399.42667
10/14/2020 11:45,11425.26
10/14/2020 15:00,11353.02667
10/14/2020 18:15,11359.43333
10/14/2020 21:30,11400.19
10/15/2020 0:45,11383.32667
10/15/2020 4:00,11389.3
10/15/2020 7:15,11332.00667
10/15/2020 10:30,11354.71
10/15/2020 13:45,11402.86333
10/15/2020 17:00,11525.15333
10/15/2020 20:15,11512.44667
10/15/2020 23:30,11510.01667
10/16/2020 2:45,11357.83333
10/16/2020 6:00,11293.18667
10/16/2020 9:15,11327.79667
10/16/2020 12:30,11334.13
10/16/2020 15:45,11347.98
10/16/2020 19:00,11322.50667
10/16/2020 22:15,11312.81
10/17/2020 1:30,11336.68333
10/17/2020 4:45,11353.66333
10/17/2020 8:00,11335.98
10/17/2020 11:15,11332.77
10/17/2020 14:30,11333.73
10/17/2020 17:45,11344.63333
10/17/2020 21:00,11353
10/18/2020 0:15,11378.24
10/18/2020 3:30,11414.23667
10/18/2020 6:45,11425.04667
10/18/2020 10:00,11423.71333
10/18/2020 13:15,11452.41
10/18/2020 16:30,11451.48
10/18/2020 19:45,11450.76667
10/18/2020 23:00,11484.76
10/19/2020 2:15,11438.67667
10/19/2020 5:30,11450.11
10/19/2020 8:45,11484.88667
10/19/2020 12:00,11602.5
10/19/2020 15:15,11733.26333
10/19/2020 18:30,11708.84
10/19/2020 21:45,11733.66667
10/21/2020 12:45,12610.26667
10/21/2020 16:00,12784.36333
10/21/2020 19:15,12885.69333
10/21/2020 22:30,12929.82667
10/22/2020 1:45,12771.26
10/22/2020 5:00,12766.16
10/22/2020 8:15,12923.41333
10/22/2020 11:30,12886.28667
10/22/2020 14:45,12993.1
10/22/2020 18:00,13094.27667
10/22/2020 21:15,12983.99667
10/23/2020 0:30,12930.48
10/23/2020 3:45,12911.67333
10/23/2020 7:00,12955.56
10/23/2020 10:15,12986.17333
10/23/2020 13:30,12832.25667
10/23/2020 16:45,12855.90667
10/23/2020 20:00,12937.34333
10/23/2020 23:15,12947.84
10/24/2020 2:30,12964.84
10/24/2020 5:45,12938.84667
10/24/2020 9:00,12958.36667
10/24/2020 12:15,13074.85
10/24/2020 15:30,13103.29667
10/24/2020 18:45,13075.19333
10/24/2020 22:00,13102.52333
10/25/2020 1:15,13254.56667
10/25/2020 4:30,13081.62667
10/25/2020 7:45,12980.22
10/25/2020 11:00,12963.73
10/25/2020 14:15,12990.88667
10/25/2020 17:30,13007.25333
10/25/2020 20:45,13018.83667
10/26/2020 0:00,13073.05333
10/26/2020 3:15,13095.74333
10/26/2020 6:30,13044.47667
10/26/2020 9:45,13124.26333
10/26/2020 13:00,13055.36
10/26/2020 16:15,12930.38667
10/26/2020 19:30,13009.41333
10/26/2020 22:45,13077.53667
10/27/2020 2:00,13101.83
10/27/2020 5:15,13127.11
10/27/2020 8:30,13319.71333
10/27/2020 11:45,13388.91
10/27/2020 15:00,13617.46333
10/27/2020 18:15,13654.50667
10/27/2020 21:30,13703.18333
10/28/2020 0:45,13765.99
10/28/2020 4:00,13714.55667
10/28/2020 7:15,13615.97333
10/28/2020 10:30,13341.59
10/28/2020 13:45,13117.14
10/28/2020 17:00,13157.02333
10/28/2020 20:15,13234.06333
10/28/2020 23:30,13245.11333
10/29/2020 2:45,13242.63
10/29/2020 6:00,13202.92667
10/29/2020 9:15,13054.11
10/29/2020 12:30,13277.08667
10/29/2020 15:45,13522.79
10/29/2020 19:00,13492.43
10/29/2020 22:15,13547.41667
10/30/2020 1:30,13479.20667
10/30/2020 4:45,13282.61333
10/30/2020 8:00,13266.39667
10/30/2020 11:15,13298.26667
10/30/2020 14:30,13459.67
10/30/2020 17:45,13588.95
10/30/2020 21:00,13553.92
10/31/2020 0:15,13549.65333
10/31/2020 3:30,13527.33667
10/31/2020 6:45,13814.02333
10/31/2020 10:00,13876.40667
10/31/2020 13:15,13820.97
10/31/2020 16:30,13764.06667
10/31/2020 19:45,13830.22333
10/31/2020 23:00,13782.42667
11/1/2020 2:15,13709.81333
11/1/2020 5:30,13754.1
11/1/2020 8:45,13713.53667
11/1/2020 12:00,13794
11/1/2020 15:15,13804.35
11/1/2020 18:30,13820.35333
11/1/2020 21:45,13762.86667
11/2/2020 1:00,13726.56
11/2/2020 4:15,13716.69
11/2/2020 7:30,13564.67667
11/2/2020 10:45,13389.90667
11/2/2020 14:00,13462.91333
11/2/2020 17:15,13600.61333
11/2/2020 20:30,13609.11667
11/2/2020 23:45,13468.44
11/3/2020 3:00,13385.21
11/3/2020 6:15,13484.65
11/3/2020 9:30,13518.08667
11/3/2020 12:45,13661.59667
11/3/2020 16:00,13740.37667
11/3/2020 19:15,13740.51333
11/3/2020 22:30,13851.38667
11/4/2020 1:45,13848.68
11/4/2020 5:00,13703.35667
11/4/2020 8:15,13674.66333
11/4/2020 11:30,13784.89333
11/4/2020 14:45,14027.88
11/4/2020 18:00,14046.34
11/4/2020 21:15,14117.43667
11/5/2020 0:30,14251.62
11/5/2020 3:45,14317.34
11/5/2020 7:00,14448.67333
11/5/2020 10:15,14783.28333
11/5/2020 13:30,15063.32
11/5/2020 16:45,15064.23333
11/5/2020 20:00,15425.95333
11/5/2020 23:15,15685.51
11/6/2020 2:30,15596.77667
11/6/2020 5:45,15572.75333
11/6/2020 9:00,15457.74333
11/6/2020 12:15,15519.07667
11/6/2020 15:30,15473.33
11/6/2020 18:45,15440.65667
11/6/2020 22:00,15589.04333
11/7/2020 1:15,15596.37
11/7/2020 4:30,15498.77667
11/7/2020 7:45,15503.42
11/7/2020 11:00,15472.67
11/7/2020 14:15,15294.62333
11/7/2020 17:30,14846.41333
11/7/2020 20:45,14812.66333
11/8/2020 0:00,14949.8
11/8/2020 3:15,15015.57333
11/8/2020 6:30,14965.76667
11/8/2020 9:45,15167.46
11/8/2020 13:00,15289.86
11/8/2020 16:15,15437.39667
11/8/2020 19:30,15426.59
11/8/2020 22:45,15505.83
11/9/2020 2:00,15435.46333
11/9/2020 5:15,15291.15333
11/9/2020 8:30,15398.66667
11/9/2020 11:45,15285.96333
11/9/2020 15:00,15092.20667
11/9/2020 18:15,15356.04667
11/9/2020 21:30,15290.91667
11/10/2020 0:45,15340.06
11/10/2020 4:00,15334.30333
11/10/2020 7:15,15370.74
11/10/2020 10:30,15273.20333
11/10/2020 13:45,15218.17333
11/10/2020 17:00,15272.27667
11/10/2020 20:15,15328.63333
11/10/2020 23:30,15384.66
11/11/2020 2:45,15392.18333
11/11/2020 6:00,15412.48333
11/11/2020 9:15,15555.73
11/11/2020 12:30,15637.85667
11/11/2020 15:45,15788.69667
11/11/2020 19:00,15739.4
11/11/2020 22:15,15656.87333
11/12/2020 1:30,15637.16333
11/12/2020 4:45,15807.82333
11/12/2020 8:00,15842.67
11/12/2020 11:15,15924.92667
11/12/2020 14:30,16018.62667
11/12/2020 17:45,16062.60667
11/12/2020 21:00,16240.53
11/13/2020 0:15,16378.10667
11/13/2020 3:30,16322.25333
11/13/2020 6:45,16275.73333
11/13/2020 10:00,16216.57667
11/13/2020 13:15,16089.26333
11/13/2020 16:30,16190.09333
11/13/2020 19:45,16279.28
11/13/2020 23:00,16230.16667
11/14/2020 2:15,16126.59
11/14/2020 5:30,15996.17
11/14/2020 8:45,15883.10333
11/14/2020 12:00,15953.00667
11/14/2020 15:15,15889.29333
11/14/2020 18:30,15957.65333
11/14/2020 21:45,16045.82
11/15/2020 1:00,15957.33333
11/15/2020 4:15,16014.24333
11/15/2020 7:30,16040.09
11/15/2020 10:45,16024.64667
11/15/2020 14:00,16017.5
11/15/2020 17:15,15880.18
11/15/2020 20:30,15927.74
11/15/2020 23:45,15946.60667
11/16/2020 3:00,16119.38333
11/16/2020 6:15,16219.29333
11/16/2020 9:30,16276.35333
11/16/2020 12:45,16394.53667
11/16/2020 16:00,16659.98
11/16/2020 19:15,16737.77333
11/16/2020 22:30,16744.48667
11/17/2020 1:45,16654.06333
11/17/2020 5:00,16700.06
11/17/2020 8:15,16832.61667
11/17/2020 11:30,17053.05667
11/17/2020 14:45,17592.99333
11/17/2020 18:00,17630.24333
11/17/2020 21:15,17674.05333
11/18/2020 0:30,17709.21667
11/18/2020 3:45,17867.1
11/18/2020 7:00,17995.03333
11/18/2020 10:15,18056.21333
11/18/2020 13:30,17744.45667
11/18/2020 16:45,17722.33333
11/18/2020 20:00,17712.79
11/18/2020 23:15,17891.03333
11/19/2020 2:30,17859.30333
11/19/2020 5:45,17622.49
11/19/2020 9:00,17618.17667
11/19/2020 12:15,17973
11/19/2020 15:30,17993.85667
11/19/2020 18:45,17964.34667
11/19/2020 22:00,17827.64667
11/20/2020 1:15,18001.23
11/20/2020 4:30,18187.66
11/20/2020 7:45,18246.93
11/20/2020 11:00,18259.34667
11/20/2020 14:15,18580.26
11/20/2020 17:30,18596.94333
11/20/2020 20:45,18615.33333
11/21/2020 0:00,18791.51333
11/21/2020 3:15,18654.06667
11/21/2020 6:30,18646.25
11/21/2020 9:45,18561.91333
11/21/2020 13:00,18794.16
11/21/2020 16:15,18734.9
11/21/2020 19:30,18616.70667
11/21/2020 22:45,18536.04667
11/22/2020 2:00,18533.90667
11/22/2020 5:15,18415.33333
11/22/2020 8:30,18045.89667
11/22/2020 11:45,18039.17
11/22/2020 15:00,18435.12667
11/22/2020 18:15,18586.45
11/22/2020 21:30,18360.10667
11/23/2020 0:45,18282.05667
11/23/2020 4:00,18446.81333
11/23/2020 7:15,18629.74
11/23/2020 10:30,18546.72667
11/23/2020 13:45,18411.22667
11/23/2020 17:00,18409.10667
11/23/2020 20:15,18372.12667
11/23/2020 23:30,18382.28
11/24/2020 2:45,18339.44
11/24/2020 6:00,18470.27
11/24/2020 9:15,18947.13
11/24/2020 12:30,19266.05667
11/24/2020 15:45,19270.63667
11/24/2020 19:00,19054.09
11/24/2020 22:15,19126.57667
11/25/2020 1:30,18923.49667
11/25/2020 4:45,18896.23667
11/25/2020 8:00,19218.28
11/25/2020 11:15,19254.24667
11/25/2020 14:30,19028.54667
11/25/2020 17:45,18933.25333
11/25/2020 21:00,18787.95667
11/26/2020 0:15,18380.51667
11/26/2020 3:30,17856.26333
11/26/2020 6:45,17201.88333
11/26/2020 10:00,17212.06333
11/26/2020 13:15,17005.89333
11/26/2020 16:30,16614.18
11/26/2020 19:45,16980.64333
11/26/2020 23:00,17204.47
11/27/2020 2:15,17192.12
11/27/2020 5:30,16945.25
11/27/2020 8:45,16879.07
11/27/2020 12:00,16814.44
11/27/2020 15:15,16720.72667
11/27/2020 18:30,16937.18
11/27/2020 21:45,17076.17333
11/28/2020 1:00,17028.12667
11/28/2020 4:15,16989.25667
11/28/2020 7:30,17102.61333
11/28/2020 10:45,17260.7
11/28/2020 14:00,17558.87667
11/28/2020 17:15,17767.88
11/28/2020 20:30,17734.33667
11/28/2020 23:45,17678.10333
11/29/2020 3:00,17767.21667
11/29/2020 6:15,18008.21667
11/29/2020 9:30,18042.43667
11/29/2020 12:45,18084.07
11/29/2020 16:00,18053.91
11/29/2020 19:15,18152.87333
11/29/2020 22:30,18319.48333
11/30/2020 1:45,18509.20667
11/30/2020 5:00,18504.84
11/30/2020 8:15,18542.77
11/30/2020 11:30,19122.79333
11/30/2020 14:45,19408.61
11/30/2020 18:00,19383.88
11/30/2020 21:15,19560.73
12/1/2020 0:30,19570.15667
12/1/2020 3:45,19407.57
12/1/2020 7:00,19583.03667
12/1/2020 10:15,18944.83333
12/1/2020 13:30,19082.10667
12/1/2020 16:45,18982.12333
12/1/2020 20:00,18929.03333
12/1/2020 23:15,18737.48
12/2/2020 2:30,18558.68
12/2/2020 5:45,19020.6
12/2/2020 9:00,19033.87333
12/2/2020 12:15,18960.08333
12/2/2020 15:30,18954.59
12/2/2020 18:45,19093.17667
12/2/2020 22:00,19133.48667
12/3/2020 1:15,19059.74
12/3/2020 4:30,19100.61667
12/3/2020 7:45,19322.08
12/3/2020 11:00,19336.24
12/3/2020 14:15,19355.76333
12/3/2020 17:30,19336.12
12/3/2020 20:45,19422.12667
12/4/2020 0:00,19362.53667
12/4/2020 3:15,19282.93
12/4/2020 6:30,19341.81
12/4/2020 9:45,19030.57
12/4/2020 13:00,18961.2
12/4/2020 16:15,18971.80333
12/4/2020 19:30,18859.56667
12/4/2020 22:45,18664.06333
12/5/2020 2:00,18804.87667
12/5/2020 5:15,19007.67333
12/5/2020 8:30,19039.26667
12/5/2020 11:45,19033.71667
12/5/2020 15:00,19093.56
12/5/2020 18:15,19080.24333
12/5/2020 21:30,19153.65
12/6/2020 0:45,19221.09667
12/6/2020 4:00,19176.23333
12/6/2020 7:15,19076.48333
12/6/2020 10:30,18970.01667
12/6/2020 13:45,19061.11
12/6/2020 17:00,19127.71
12/6/2020 20:15,19274.91
12/6/2020 23:30,19271.39333
12/7/2020 2:45,19235.52667
12/7/2020 6:00,19278.71667
12/7/2020 9:15,19177.81667
12/7/2020 12:30,19185.75333
12/7/2020 15:45,19024.55667
12/7/2020 19:00,19037.03667
12/7/2020 22:15,19164.66
12/8/2020 1:30,19183.13333
12/8/2020 4:45,19178.75667
12/8/2020 8:00,18912.17333
12/8/2020 11:15,18839.08333
12/8/2020 14:30,18857.68
12/8/2020 17:45,18791.33667
12/8/2020 21:00,18467.34333
12/9/2020 0:15,18240.11667
12/9/2020 3:30,18185.81667
12/9/2020 6:45,17986.70667
12/9/2020 10:00,18188.76667
12/9/2020 13:15,18336.13333
12/9/2020 16:30,18278.73667
12/9/2020 19:45,18461.11333
12/9/2020 23:00,18481.04333
12/10/2020 2:15,18400.93333
12/10/2020 5:30,18389.51667
12/10/2020 8:45,18262.45
12/10/2020 12:00,18052.68
12/10/2020 15:15,18156.58
12/10/2020 18:30,18336.35
12/10/2020 21:45,18121.60667
12/11/2020 1:00,17930.36333
12/11/2020 4:15,17867.09
12/11/2020 7:30,17818.08
12/11/2020 10:45,17852.59333
12/11/2020 14:00,17988.19667
12/11/2020 17:15,17971.23333
12/11/2020 20:30,18061.85667
12/11/2020 23:45,18228.22667
12/12/2020 3:00,18330.43667
12/12/2020 6:15,18404.21333
12/12/2020 9:30,18446.12333
12/12/2020 12:45,18398.03667
12/12/2020 16:00,18637.88667
12/12/2020 19:15,18783.34333
12/12/2020 22:30,18812.89667
12/13/2020 1:45,18829.22
12/13/2020 5:00,19128.46333
12/13/2020 8:15,19275.44333
12/13/2020 11:30,19324.52667
12/13/2020 14:45,19249.1
12/13/2020 18:00,19197.26333
12/13/2020 21:15,19101.63
12/14/2020 0:30,19200.15
12/14/2020 3:45,19178.10667
12/14/2020 7:00,19178.82667
12/14/2020 10:15,19118.38667
12/14/2020 13:30,19168.77
12/14/2020 16:45,19174.17333
12/14/2020 20:00,19255.99333
12/14/2020 23:15,19429.73333
12/15/2020 2:30,19237.65667
12/15/2020 5:45,19152.23
12/15/2020 9:00,19242.61
12/15/2020 12:15,19364.28333
12/15/2020 15:30,19443.36
12/15/2020 18:45,19444.03
12/15/2020 22:00,19372.41667
12/16/2020 1:15,19379.53667
12/16/2020 4:30,19396.52
12/16/2020 7:45,19648.24
12/16/2020 11:00,20171.92667
12/16/2020 14:15,20647.09
12/16/2020 17:30,20737.23667
12/16/2020 20:45,21203.03667
12/17/2020 0:00,21818.92667
12/17/2020 3:15,22081.62333
12/17/2020 6:30,22866.19
12/17/2020 9:45,22800.3
12/17/2020 13:00,23218.54667
12/17/2020 16:15,23163.06333
12/17/2020 19:30,22890.99
12/17/2020 22:45,22872.01667
12/18/2020 2:00,22989.39
12/18/2020 5:15,23073.99333
12/18/2020 8:30,22963.88333
12/18/2020 11:45,22704.63667
12/18/2020 15:00,22654.31667
12/18/2020 18:15,22915.83667
12/18/2020 21:30,22976.7
12/19/2020 0:45,23084.90667
12/19/2020 4:00,22969.20333
12/19/2020 7:15,22956.41333
12/19/2020 10:30,23044.15333
12/19/2020 13:45,23699.91333
12/19/2020 17:00,23863.77
12/19/2020 20:15,23855.18667
12/19/2020 23:30,23532.37667
12/20/2020 2:45,23386.51
12/20/2020 6:00,23607.37
12/20/2020 9:15,23507.75667
12/20/2020 12:30,23607.56333
12/20/2020 15:45,23811.18333
12/20/2020 19:00,23680.99
12/20/2020 22:15,23564.54667
12/21/2020 1:30,23893.31333
12/21/2020 4:45,23909.61333
12/21/2020 8:00,23106.17333
12/21/2020 11:15,22556.47667
12/21/2020 14:30,22904.76
12/21/2020 17:45,22804.98333
12/21/2020 21:00,22910.06
12/22/2020 0:15,22767.41667
12/22/2020 3:30,22775.04
12/22/2020 6:45,22692.81667
12/22/2020 10:00,23002.19
12/22/2020 13:15,23366.94667
12/22/2020 16:30,23373.36667
12/22/2020 19:45,23539.42333
12/22/2020 23:00,23752.47
12/23/2020 2:15,23552.19333
12/23/2020 5:30,23508.99667
12/23/2020 8:45,23240.44667
12/23/2020 12:00,23592.36
12/23/2020 15:15,23611.21667
12/23/2020 18:30,23366.73
12/23/2020 21:45,23078.19
12/24/2020 1:00,22957.72
12/24/2020 4:15,23000.89667
12/24/2020 7:30,23254.56667
12/24/2020 10:45,23264.11333
12/24/2020 14:00,23257.98667
12/24/2020 17:15,23347.74667
12/24/2020 20:30,23623.19333
12/24/2020 23:45,23588.95667
12/25/2020 3:00,23550.23333
12/25/2020 6:15,23738.43667
12/25/2020 9:30,24332.15
12/25/2020 12:45,24152.75
12/25/2020 16:00,24232.78
12/25/2020 19:15,24422.81333
12/25/2020 22:30,24650.46667
12/26/2020 1:45,24848.19333
12/26/2020 5:00,24818.67333
12/26/2020 8:15,24825.77
12/26/2020 11:30,25116.66333
12/26/2020 14:45,25669.32
12/26/2020 18:00,26215.58
12/26/2020 21:15,26515.22333
12/27/2020 0:30,26644.91
12/27/2020 3:45,27280.70333
12/27/2020 7:00,27722.88333
12/27/2020 10:15,27510.28
12/27/2020 13:30,27128.30333
12/27/2020 16:45,26985.31333
12/27/2020 20:00,26537.53
12/27/2020 23:15,26821.49333
12/28/2020 2:30,27057.07333
12/28/2020 5:45,26951.81
12/28/2020 9:00,26808.03667
12/28/2020 12:15,27143.92333
12/28/2020 15:30,27037.08667
12/28/2020 18:45,26822.15667
12/28/2020 22:00,26838.68333
12/29/2020 1:15,26561.90667
12/29/2020 4:30,26268.33667
12/29/2020 7:45,26603.97333
12/29/2020 11:00,26803.07
12/29/2020 14:15,26498.14
12/29/2020 17:30,26790.36333
12/29/2020 20:45,27212.44667
12/30/2020 0:00,27890.41
12/30/2020 3:15,28063.22667
12/30/2020 6:30,27941.03
12/30/2020 9:45,27842.41333
12/30/2020 13:00,28004.80667
12/30/2020 16:15,28543.27333
12/30/2020 19:30,28793.10667
12/30/2020 22:45,28822.28333
12/31/2020 2:00,28909.11667
12/31/2020 5:15,28948.48667
12/31/2020 8:30,28942.37667
12/31/2020 11:45,28525.49667
12/31/2020 15:00,28599.25333
12/31/2020 18:15,28944.68
12/31/2020 21:30,28926.55333
1/1/2021 0:45,29213.28667
1/1/2021 4:00,29069.77667
1/1/2021 7:15,29163.39667
1/1/2021 10:30,29396.59
1/1/2021 13:45,29306.63667
1/1/2021 17:00,29071.54667
1/1/2021 20:15,29233.47
1/1/2021 23:30,29280.11
1/2/2021 2:45,29475.28333
1/2/2021 6:00,29694.47667
1/2/2021 9:15,30080.06333
1/2/2021 12:30,31092.71
1/2/2021 15:45,32583.77667
1/2/2021 19:00,31944.04333
1/2/2021 22:15,32303.68667
1/3/2021 1:30,32680.07667
1/3/2021 4:45,33953.77
1/3/2021 8:00,34073.14667
1/3/2021 11:15,34083.63
1/3/2021 14:30,33205.65
1/3/2021 17:45,33284.41667
1/3/2021 21:00,33107.74
1/4/2021 0:15,33140.23333
1/4/2021 3:30,33140.71333
1/4/2021 6:45,31632.13333
1/4/2021 10:00,30487.53
1/4/2021 13:15,31270.12
1/4/2021 16:30,31436.91333
1/4/2021 19:45,31345.17
1/4/2021 23:00,32212.14667
1/5/2021 2:15,31519.77
1/5/2021 5:30,30909.52667
1/5/2021 8:45,31536.51667
1/5/2021 12:00,31841.57333
1/5/2021 15:15,32677.99667
1/5/2021 18:30,33628.14667
1/5/2021 21:45,33902.25
1/6/2021 1:00,34210.83333
1/6/2021 4:15,35025.78
1/6/2021 7:30,34349.92333
1/6/2021 10:45,34676.13667
1/6/2021 14:00,34644.52667
1/6/2021 17:15,35081.1
1/6/2021 20:30,36114.85667
1/6/2021 23:45,36900.63333
1/7/2021 3:00,37273.09
1/7/2021 6:15,36897.02667
1/7/2021 9:30,37653.01
1/7/2021 12:45,38532.68667
1/7/2021 16:00,38523.09667
1/7/2021 19:15,39265.89
1/7/2021 22:30,38744.13
1/8/2021 1:45,38059.47333
1/8/2021 5:00,38466.39667
1/8/2021 8:15,40304.65
1/8/2021 11:30,41217.20333
1/8/2021 14:45,40971.97
1/8/2021 18:00,39785.95
1/8/2021 21:15,40399.16
1/9/2021 0:30,40210.11667
1/9/2021 3:45,39446.63333
1/9/2021 7:00,39925.94667
1/9/2021 10:15,40743.91333
1/9/2021 13:30,40552.09333
1/9/2021 16:45,40485.52667
1/9/2021 20:00,40304.97
1/9/2021 23:15,40718.6
1/10/2021 2:30,40594.39667
1/10/2021 5:45,40760.15
1/10/2021 9:00,39736.14667
1/10/2021 12:15,39651.54667
1/10/2021 15:30,38492.4
1/10/2021 18:45,37469.83
1/10/2021 22:00,37789.98667
1/11/2021 1:15,35530.03333
1/11/2021 4:30,34490.07333
1/11/2021 7:45,35196.85667
1/11/2021 11:00,33274.18667
1/11/2021 14:15,32147.47333
1/11/2021 17:30,32327.80333
1/11/2021 20:45,34501.43333
1/12/2021 0:00,34468.18
1/12/2021 3:15,35565.07
1/12/2021 6:30,36025.99333
1/12/2021 9:45,35366.39
1/12/2021 13:00,34142.29
1/12/2021 16:15,34795.88667
1/12/2021 19:30,34346.19333
1/12/2021 22:45,33275.27333
1/13/2021 2:00,33489.67333
1/13/2021 5:15,34203.84
1/13/2021 8:30,34821.69
1/13/2021 11:45,34470.18667
1/13/2021 15:00,34687.86
1/13/2021 18:15,35822.88667
1/13/2021 21:30,37359.21667
1/14/2021 0:45,37299.07667
1/14/2021 4:00,37761.93667
1/14/2021 7:15,38252.81333
1/14/2021 10:30,38441.04333
1/14/2021 13:45,39293.35333
1/14/2021 17:00,39634.34667
1/14/2021 20:15,38971.11
1/14/2021 23:30,39247.85333
1/15/2021 2:45,38397.76667
1/15/2021 6:00,38143.12667
1/15/2021 9:15,38064.54333
1/15/2021 12:30,36787.82667
1/15/2021 15:45,35471.7
1/15/2021 19:00,35816.15333
1/15/2021 22:15,37062.35
1/16/2021 1:30,36601.02333
1/16/2021 4:45,36378.34333
1/16/2021 8:00,37235.43667
1/16/2021 11:15,37161.00333
1/16/2021 14:30,37172.59667
1/16/2021 17:45,36685.42333
1/16/2021 21:00,36003.96667
1/17/2021 0:15,36187.85667
1/17/2021 3:30,35579.97333
1/17/2021 6:45,34599.85
1/17/2021 10:00,34957.94667
1/17/2021 13:15,35494.06333
1/17/2021 16:30,35851.78333
1/17/2021 19:45,36179.63333
1/17/2021 23:00,36024.02667
1/18/2021 2:15,35261.85
1/18/2021 5:30,35792.76667
1/18/2021 8:45,36305.80333
1/18/2021 12:00,36743.69333
1/18/2021 15:15,35924.70667
1/18/2021 18:30,36060.86667
1/18/2021 21:45,36574.59333
1/19/2021 1:00,36774.22333
1/19/2021 4:15,36517.67
1/19/2021 7:30,36969.49
1/19/2021 10:45,37043.85333
1/19/2021 14:00,37291.66667
1/19/2021 17:15,36586.93
1/19/2021 20:30,36326.19
1/19/2021 23:45,36028.58
1/20/2021 3:00,35445.28333
1/20/2021 6:15,35450.36333
1/20/2021 9:30,34643.57667
1/20/2021 12:45,34468.15667
1/20/2021 16:00,34580.90333
1/20/2021 19:15,34948.43333
1/20/2021 22:30,35059.52333
1/21/2021 1:45,34398.59667
1/21/2021 5:00,34484.71667
1/21/2021 8:15,33038.65
1/21/2021 11:30,31657.43
1/21/2021 14:45,31750.41667
1/21/2021 18:00,32006.98667
1/21/2021 21:15,30521.46667
1/22/2021 0:30,30146.51333
1/22/2021 3:45,31425.67333
1/22/2021 7:00,31312.26667
1/22/2021 10:15,31782.57667
1/22/2021 13:30,32428.38333
1/22/2021 16:45,33097.46667
1/22/2021 20:00,33199.72667
1/22/2021 23:15,32534.48333
1/23/2021 2:30,32661.48333
1/23/2021 5:45,32983.92
1/23/2021 9:00,32153.7
1/23/2021 12:15,31902.53
1/23/2021 15:30,32095.76333
1/23/2021 18:45,32221.54667
1/23/2021 22:00,32055.11333
1/24/2021 1:15,32240.46
1/24/2021 4:30,32687.82333
1/24/2021 7:45,32720.47333
1/24/2021 11:00,32423.21333
1/24/2021 14:15,31885.24333
1/24/2021 17:30,31574.14667
1/24/2021 20:45,32046.62333
1/25/2021 0:00,32593.62
1/25/2021 3:15,33171.61
1/25/2021 6:30,33235.40667
1/25/2021 9:45,33759.65
1/25/2021 13:00,34338.50333
1/25/2021 16:15,33840.27
1/25/2021 19:30,32720.02
1/25/2021 22:45,32541.18667
1/26/2021 2:00,32062.11
1/26/2021 5:15,31727.66333
1/26/2021 8:30,31928.76667
1/26/2021 11:45,31432.91333
1/26/2021 15:00,31844.25667
1/26/2021 18:15,32161.91667
1/26/2021 21:30,32292.23
1/27/2021 0:45,31959.08667
1/27/2021 4:00,31665.82333
1/27/2021 7:15,31364.37667
1/27/2021 10:30,30861.43
1/27/2021 13:45,30255.66
1/27/2021 17:00,30483.35333
1/27/2021 20:15,30674.67333
1/27/2021 23:30,30700.47
1/28/2021 2:45,31491.00667
1/28/2021 6:00,31180.10333
1/28/2021 9:15,31375.86667
1/28/2021 12:30,31767.30667
1/28/2021 15:45,32312.72667
1/28/2021 19:00,33062.88333
1/28/2021 22:15,33747.51333
1/29/2021 1:30,33318.43667
1/29/2021 4:45,32450.99
1/29/2021 8:00,35537.68
1/29/2021 11:15,37699.16667
1/29/2021 14:30,36612.67333
1/29/2021 17:45,34773.71333
1/29/2021 21:00,34609.52333
1/30/2021 0:15,33800.50333
1/30/2021 3:30,33358.12
1/30/2021 6:45,34045.53667
1/30/2021 10:00,33886.76333
1/30/2021 13:15,33864.12667
1/30/2021 16:30,34087.68667
1/30/2021 19:45,34430.54667
1/30/2021 23:00,34186.01
1/31/2021 2:15,33869.83333
1/31/2021 5:30,33623.96333
1/31/2021 8:45,33532.21
1/31/2021 12:00,33598.69
1/31/2021 15:15,32633.96333
1/31/2021 18:30,32647.31
1/31/2021 21:45,32695.61667
2/1/2021 1:00,33339.34333
2/1/2021 4:15,33692.06333
2/1/2021 7:30,34135.29333
2/1/2021 10:45,33905.81333
2/1/2021 14:00,33494.81667
2/1/2021 17:15,33789.73333
2/1/2021 20:30,33601.41
2/1/2021 23:45,33747.52333
2/2/2021 3:00,33866.94667
2/2/2021 6:15,34892.37333
2/2/2021 9:30,34949.10333
2/2/2021 12:45,34752.95
2/2/2021 16:00,35105.37667
2/2/2021 19:15,35651.35667
2/2/2021 22:30,35895.09333
2/3/2021 1:45,36426
2/3/2021 5:00,36195.00333
2/3/2021 8:15,35909.31333
2/3/2021 11:30,36333.13667
2/3/2021 14:45,36927.52333
2/3/2021 18:00,36991.83333
2/3/2021 21:15,37643.87
2/4/2021 0:30,37799.09667
2/4/2021 3:45,37883.35667
2/4/2021 7:00,37672.89333
2/4/2021 10:15,37556.89
2/4/2021 13:30,37575.19
2/4/2021 16:45,36912.92
2/4/2021 20:00,37054.66
2/4/2021 23:15,37431.72
2/5/2021 2:30,36998.91
2/5/2021 5:45,37193.96
2/5/2021 9:00,37474.32
2/5/2021 12:15,37549.62
2/5/2021 15:30,37987.03
2/5/2021 18:45,37896.76
2/5/2021 22:00,37633.67
2/6/2021 1:15,38204.07
2/6/2021 4:30,39181.4
2/6/2021 7:45,39181.32
2/6/2021 11:00,39634.83
2/6/2021 14:15,40172.84
2/6/2021 17:30,40552.22
2/6/2021 20:45,40203.4
2/7/2021 0:00,39820.51
2/7/2021 3:15,39039.4
2/7/2021 6:30,38517.3
2/7/2021 9:45,39065.87
2/7/2021 13:00,39105.8
2/7/2021 16:15,38282.07
2/7/2021 19:30,38047.99
2/7/2021 22:45,38346.86
2/8/2021 2:00,38801.59
2/8/2021 5:15,38410.3
2/8/2021 8:30,39001.6
2/8/2021 11:45,39201.49
